<?xml version="1.0"?>
<ipo:purchaseOrders xmlns:xsi="http://www.w3.org/2001/XMLSchema-instance"
										xmlns:ipo="http://www.example.com/IPO"
										xsi:schemaLocation="http://www.example.com/IPO ipo.xsd">
test mixed data #1
	<order orderDate="2004-12-01">
<![CDATA[test mixed data #2]]>
		<shipTo>
			<name>Helen Zoe</name>
			<street>47 Eden Street</street>
			<city>Hollywood</city>
		</shipTo>
test mixed data #3
		<billTo>
			<name>Robert Smith</name>
			<street>8 Oak Avenue</street>
			<city></city>
		</billTo>
test mixed data #4
		<items>
			<item partNum="833-AA">
				<productName>Lapis necklace</productName>
				<quantity>1</quantity>
				<USPrice>99.95</USPrice>
				<ipo:comment>Test comment!</ipo:comment>
				<shipDate>2004-12-05</shipDate>
			</item>
		</items>
test mixed data #5		
	</order>
</ipo:purchaseOrders>
