<?xml version="1.0"?>
<!DOCTYPE PO SYSTEM "POData.dtd">
<PO>
    <Header>
	<PONumber>ab100</PONumber>
	<PODate>19980525</PODate>
	<Contact Name="Lew" Phone="800-555-1155"/>
	<Instruction Type="BillTo">
	    <Addressee>Distributor Co</Addressee>
	    <AddressLine>2345 Waukegan Rd</AddressLine>
	    <AddressLine>E100</AddressLine>
	    <City>Bannockburn</City>
	    <State>IL</State>
	    <Zip>60015</Zip>
	</Instruction>
	<Instruction Type="ShipTo">
	    <Addressee>The Big Warehouse</Addressee>
	    <AddressLine>4646 W. Main St</AddressLine>
	    <City>Phoenixville</City>
	    <State>PA</State>
	    <Zip>19460-4550</Zip>
	</Instruction>
	<GenDate Qual="ReqDelivery">19990614</GenDate>
	<CommentText>This is a PO</CommentText>
	<CommentText>Your business depends on how you process it</CommentText>	
    </Header>
    
    <LineItem Seq="1">
	<QtyOrdered>500</QtyOrdered>
	<UOM>EA</UOM>
	<UnitPrice>45.26</UnitPrice>
	<CatalogUPC Qual="IN">800-ABT1</CatalogUPC>
	<CommentText>Please paint this blue &amp; trim in gold</CommentText>
    </LineItem>
    
    <LineItem Seq="1A">
	<QtyOrdered>1000</QtyOrdered>
	<UOM>EA</UOM>
	<UnitPrice>22.12</UnitPrice>
	<CatalogUPC Qual="IN">900-ABT1</CatalogUPC>
	<CommentText>Please print this message</CommentText>
    </LineItem>
</PO>