<?xml version="1.0" encoding="UTF-8"?>
<MSDFile FilePath="C:\IBM\WebSphere Transformation Extender 8.2\examples\dsgnstud\ifdimpex\import.msd" ServerCount="0" SystemCount="1" Version="2">
  <System ComponentsCount="1" ExecutionMode="Launcher" Name="launcher" ScriptCount="1" ServerName="Local Server" Version="1">
    <DeployScripts Name="launcher" Version="1">
      <BuildAndTransferMaps>
      </BuildAndTransferMaps>
      <GenerateAndTransferMslFile FileName="C:\Program Files\IBM\WebSphere Transformation Extender 8.2\examples\general\ifd\launcher\launcher.msl"/>
      <TransferAdditionalFiles>
      </TransferAdditionalFiles>
    </DeployScripts>
    <MapComponents ComponentName="launcher" ExecutableMapName="launcher" Expanded="Yes" LogFileName="C:\IBM\WebSphere Transformation Extender 8.2\examples\general\ifd\launcher\launcher.log" MapCompiledFile="..\..\general\ifd\launcher\launcher.mmc" MapSourceFile="..\..\general\ifd\launcher\launcher.mms" Type="Source Map" Version="1">
      <EventServerSettings ConcurrentInstances="0" MapServerLocation="C:\IBM\WebSphere Transformation Extender 8.2\examples\general\ifd\launcher\launcher.mmc" Mapdelay="0" Pendinghigh="0" Pendinglow="0" Priority="Normal" Version="1">
        <Pending_Hour>0</Pending_Hour>
      <EventServer_TimeEvent BeginAfter-Hour="0" BeginAfter-Minute="0" BeginAfter-Second="0" SkipIfBusy="Yes" Switch="ON">
        <Trigger_Every>
          <Every_Minute/>
        </Trigger_Every>
      </EventServer_TimeEvent>
    </EventServerSettings>
    <ComponentPosition X="279" Y="130"/>
    <CardPositions CardName="1# employee_to_lookup" Input="" X="117" Y="144"/>
    <CardPositions CardName="2# all_employees" Input="" X="148" Y="128"/>
    <CardPositions CardName="1# week" Input="" X="382" Y="152"/>
    <CardPositions CardName="2# ttlhours" Input="" X="393" Y="136"/>
    <CardPositions CardName="3# emp_hours" Input="" X="400" Y="120"/>
    <CardPositions CardName="launcher" Input="" X="286" Y="249"/>
  </MapComponents>
</System>
</MSDFile>
